st_fips,st_year,st_state,st_stateabb,st_total,st_dem,st_rep,st_repshare,st_demshare,st_income,st_inc10k
1,1968,Alabama,AL,1050,197,147,0.427325577,0.572674394,11662.75684,1.16627574
2,1968,Alaska,AK,83,35,38,0.520547926,0.479452044,20388.44922,2.038844824
4,1968,Arizona,AZ,487,171,267,0.60958904,0.39041096,14864.88477,1.486488461
5,1968,Arkansas,AR,610,185,189,0.50534761,0.49465242,11124.08105,1.112408161
6,1968,California,CA,7252,3244,3468,0.516686559,0.483313471,19362.40039,1.936240077
8,1968,Colorado,CO,811,335,409,0.549731195,0.450268805,15724.20117,1.57242012
9,1968,Connecticut,CT,1256,622,557,0.472434253,0.527565718,20666.33789,2.066633701
10,1968,Delaware,DE,214,89,97,0.521505356,0.478494614,18857.92578,1.885792613
12,1968,Florida,FL,2188,677,887,0.567135572,0.432864457,15621.59668,1.562159657
13,1968,Georgia,GA,1250,334,380,0.532212913,0.467787117,13449.79297,1.344979286
15,1968,Hawaii,HI,236,141,91,0.392241389,0.607758641,19422.25391,1.942225337
16,1968,Idaho,ID,291,89,165,0.649606287,0.350393713,13847.38672,1.384738684
17,1968,Illinois,IL,4620,2040,2175,0.516014218,0.483985752,18562.9375,1.856293797
18,1968,Indiana,IN,2124,807,1068,0.569599986,0.430400014,15758.40332,1.575840354
19,1968,Iowa,IA,1168,477,619,0.56478101,0.43521899,15630.14648,1.563014627
20,1968,Kansas,KS,873,303,479,0.61253196,0.38746804,15176.97559,1.517697573
21,1968,Kentucky,KY,1056,398,462,0.537209332,0.462790698,12624.67773,1.262467742
22,1968,Louisiana,LA,1097,310,258,0.454225361,0.545774639,12346.79004,1.234678984
23,1968,Maine,ME,393,217,169,0.437823832,0.562176168,13385.66504,1.338566542
24,1968,Maryland,MD,1235,538,518,0.490530312,0.509469688,17938.75781,1.793875813
25,1968,Massachusetts,MA,2332,1469,767,0.34302327,0.656976759,17960.13281,1.796013236
26,1968,Michigan,MI,3306,1593,1371,0.46255061,0.537449419,17780.57422,1.778057456
27,1968,Minnesota,MN,1589,858,659,0.434410006,0.565589964,16104.69434,1.61046946
28,1968,Mississippi,MS,655,151,89,0.370833337,0.629166663,10213.46289,1.021346331
29,1968,Missouri,MO,1810,791,812,0.506550193,0.493449777,15249.65332,1.524965286
30,1968,Montana,MT,274,114,139,0.549407125,0.450592875,14018.39453,1.401839495
31,1968,Nebraska,NE,537,171,321,0.652438998,0.347560972,15262.47949,1.526247978
32,1968,Nevada,NV,154,61,73,0.544776142,0.455223888,19276.89648,1.927689672
33,1968,New Hampshire,NH,297,131,155,0.541958034,0.458041966,15972.16309,1.597216368
34,1968,New Jersey,NJ,2875,1264,1325,0.51178062,0.48821938,19289.7207,1.928972125
35,1968,New Mexico,NM,327,130,170,0.566666663,0.433333337,12440.84473,1.244084477
36,1968,New York,NY,6790,3378,3008,0.471030384,0.528969646,19614.63672,1.96146369
37,1968,North Carolina,NC,1587,464,627,0.574702084,0.425297886,12979.52051,1.297952056
38,1968,North Dakota,ND,248,95,139,0.594017088,0.405982912,13150.52832,1.315052867
39,1968,Ohio,OH,3960,1701,1791,0.512886584,0.487113416,16758.80078,1.675880075
40,1968,Oklahoma,OK,943,302,450,0.598404229,0.401595742,13680.65332,1.368065357
41,1968,Oregon,OR,820,359,408,0.531942606,0.468057364,15664.34863,1.56643486
42,1968,Pennsylvania,PA,4748,2259,2090,0.480570257,0.519429743,16288.52832,1.628852844
44,1968,Rhode Island,RI,385,247,122,0.330623299,0.669376671,16472.36133,1.647236109
45,1968,South Carolina,SC,667,197,254,0.563192904,0.436807096,12026.14941,1.202614903
46,1968,South Dakota,SD,281,118,150,0.559701502,0.440298498,12864.08984,1.28640902
47,1968,Tennessee,TN,1249,351,473,0.574029148,0.425970882,12603.30176,1.2603302
48,1968,Texas,TX,3079,1267,1228,0.492184371,0.507815659,14368.96191,1.436896205
49,1968,Utah,UT,423,157,239,0.603535354,0.396464646,13223.20703,1.3223207
50,1968,Vermont,VT,161,70,85,0.54838711,0.45161289,14407.43848,1.440743804
51,1968,Virginia,VA,1361,442,590,0.571705401,0.428294569,15194.07617,1.51940763
53,1968,Washington,WA,1304,616,589,0.488796681,0.511203349,17451.38477,1.745138526
54,1968,West Virginia,WV,754,374,308,0.45161289,0.54838711,11919.26953,1.191926956
55,1968,Wisconsin,WI,1692,749,810,0.519563794,0.480436176,16014.91504,1.601491451
56,1968,Wyoming,WY,127,45,71,0.612068951,0.387931049,15249.65332,1.524965286
1,1972,Alabama,AL,1006,257,729,0.739350915,0.260649085,13216.38574,1.321638584
2,1972,Alaska,AK,95,33,55,0.625,0.375,22356.37305,2.235637188
4,1972,Arizona,AZ,654,199,403,0.669435203,0.330564797,16834.8457,1.683484554
5,1972,Arkansas,AR,648,199,446,0.691472888,0.308527142,12747.18652,1.274718642
6,1972,California,CA,8368,3476,4602,0.569695473,0.430304527,20472.07227,2.047207117
8,1972,Colorado,CO,954,330,597,0.644012928,0.355987042,17964.67578,1.796467543
9,1972,Connecticut,CT,1384,555,811,0.593704224,0.406295747,21372.93359,2.137293339
10,1972,Delaware,DE,236,92,140,0.603448272,0.396551728,19886.51172,1.988651156
12,1972,Florida,FL,2583,718,1858,0.721273303,0.278726697,17668.14063,1.766814113
13,1972,Georgia,GA,1175,290,881,0.752348423,0.247651577,15100.68652,1.510068655
15,1972,Hawaii,HI,270,101,169,0.625925899,0.374074072,21346.6582,2.134665728
16,1972,Idaho,ID,310,81,199,0.710714281,0.289285719,15461.03125,1.54610312
17,1972,Illinois,IL,4723,1913,2788,0.593065321,0.406934708,19755.13672,1.975513697
18,1972,Indiana,IN,2126,709,1405,0.664616823,0.335383147,16620.89063,1.662089109
19,1972,Iowa,IA,1226,496,706,0.587354422,0.412645578,16842.35156,1.684235215
20,1972,Kansas,KS,916,270,620,0.696629226,0.303370774,17326.56445,1.732656479
21,1972,Kentucky,KY,1067,371,676,0.645654261,0.354345739,13873.26367,1.38732636
22,1972,Louisiana,LA,1051,298,687,0.697461903,0.302538067,13430.33984,1.343034029
23,1972,Maine,ME,417,161,256,0.613908887,0.386091113,14485.09863,1.448509812
24,1972,Maryland,MD,1354,506,829,0.620973766,0.379026204,19826.45508,1.982645512
25,1972,Massachusetts,MA,2459,1333,1112,0.454805732,0.545194268,19177.08398,1.917708397
26,1972,Michigan,MI,3490,1459,1962,0.573516488,0.426483482,18644.07422,1.86440742
27,1972,Minnesota,MN,1742,802,898,0.528235316,0.471764714,17322.81055,1.732281089
28,1972,Mississippi,MS,646,127,505,0.799050629,0.200949371,11962.68652,1.196268678
29,1972,Missouri,MO,1853,699,1154,0.622773886,0.377226114,16695.96289,1.669596314
30,1972,Montana,MT,318,120,184,0.605263174,0.394736856,16260.5459,1.626054645
31,1972,Nebraska,NE,576,170,406,0.704861104,0.295138896,16992.49609,1.699249625
32,1972,Nevada,NV,182,66,116,0.637362659,0.362637371,20892.47461,2.089247465
33,1972,New Hampshire,NH,334,116,214,0.648484826,0.351515144,16587.10742,1.658710718
34,1972,New Jersey,NJ,2997,1102,1846,0.626187265,0.373812765,20716.05469,2.071605444
35,1972,New Mexico,NM,386,141,236,0.625994682,0.374005318,14083.46484,1.408346534
36,1972,New York,NY,7162,2951,4193,0.586926103,0.413073897,20753.5918,2.075359106
37,1972,North Carolina,NC,1519,439,1055,0.706157982,0.293842047,14578.93848,1.457893848
38,1972,North Dakota,ND,281,100,174,0.635036469,0.364963502,16470.74609,1.64707458
39,1972,Ohio,OH,4095,1559,2442,0.61034739,0.38965258,17585.5625,1.758556247
40,1972,Oklahoma,OK,1030,247,759,0.75447315,0.245526835,15078.16504,1.507816553
41,1972,Oregon,OR,928,393,487,0.5534091,0.4465909,17285.27539,1.728527546
42,1972,Pennsylvania,PA,4592,1797,2715,0.601728737,0.398271263,17566.79492,1.756679535
44,1972,Rhode Island,RI,416,195,220,0.530120492,0.469879508,17337.82617,1.733782649
45,1972,South Carolina,SC,678,189,478,0.716641665,0.283358335,13482.89063,1.348289013
46,1972,South Dakota,SD,307,140,166,0.542483687,0.457516342,15277.10547,1.527710557
47,1972,Tennessee,TN,1201,357,813,0.694871783,0.305128217,14248.62207,1.424862266
48,1972,Texas,TX,3471,1154,2299,0.66579783,0.334202141,15693.75391,1.569375396
49,1972,Utah,UT,478,126,324,0.720000029,0.280000001,14939.28223,1.493928194
50,1972,Vermont,VT,187,68,117,0.632432461,0.367567569,15588.65332,1.558865309
51,1972,Virginia,VA,1457,439,988,0.692361593,0.307638407,16834.8457,1.683484554
53,1972,Washington,WA,1471,568,837,0.59572953,0.40427047,17724.44531,1.772444487
54,1972,West Virginia,WV,762,277,485,0.636482954,0.363517046,13786.93066,1.378693104
55,1972,Wisconsin,WI,1853,810,989,0.549749851,0.450250149,17255.24609,1.725524664
56,1972,Wyoming,WY,146,44,100,0.694444418,0.305555552,17600.57617,1.760057569
1,1976,Alabama,AL,1183,659,504,0.433362007,0.566637993,14647.67578,1.464767575
2,1976,Alaska,AK,124,44,72,0.620689631,0.37931034,33434.3125,3.343431234
4,1976,Arizona,AZ,743,296,419,0.586013973,0.413986027,16740.5957,1.674059629
5,1976,Arkansas,AR,769,500,269,0.349804938,0.650195062,14209.23828,1.420923829
6,1976,California,CA,7867,3742,3882,0.509181559,0.490818471,21577.19531,2.157719612
8,1976,Colorado,CO,1081,460,584,0.559386969,0.440613031,18998.96289,1.899896264
9,1976,Connecticut,CT,1382,648,719,0.525969267,0.474030733,21737.12891,2.173712969
10,1976,Delaware,DE,236,123,110,0.472103,0.527897,20259.12695,2.025912762
12,1976,Florida,FL,3151,1636,1470,0.473277539,0.526722491,17562.32031,1.756232023
13,1976,Georgia,GA,1467,979,484,0.330827057,0.669172943,15684.48438,1.568448424
15,1976,Hawaii,HI,291,147,140,0.48780489,0.51219511,21759.18945,2.175919056
16,1976,Idaho,ID,341,127,204,0.616314173,0.383685797,16787.47266,1.678747296
17,1976,Illinois,IL,4719,2271,2364,0.510032356,0.489967644,21020.1875,2.102018833
18,1976,Indiana,IN,2220,1015,1184,0.538426578,0.461573452,17923.54883,1.792354941
19,1976,Iowa,IA,1279,620,633,0.505187571,0.494812459,18149.66211,1.814966202
20,1976,Kansas,KS,958,430,503,0.539121091,0.460878879,18510.89063,1.85108912
21,1976,Kentucky,KY,1167,616,532,0.463414639,0.536585391,15033.72168,1.503372192
22,1976,Louisiana,LA,1278,661,587,0.47035256,0.52964741,15317.74121,1.531774163
23,1976,Maine,ME,483,232,236,0.504273534,0.495726496,15723.08887,1.572308898
24,1976,Maryland,MD,1432,760,673,0.469644099,0.530355871,20783.04492,2.078304529
25,1976,Massachusetts,MA,2548,1429,1030,0.418869466,0.581130564,19296.76953,1.92967701
26,1976,Michigan,MI,3654,1697,1894,0.5274297,0.4725703,19555.9707,1.955597043
27,1976,Minnesota,MN,1950,1070,819,0.433562726,0.566437244,18524.67773,1.852467775
28,1976,Mississippi,MS,769,381,367,0.490641713,0.509358287,13081.43359,1.308143377
29,1976,Missouri,MO,1954,998,927,0.481558442,0.518441558,17396.87305,1.739687324
30,1976,Montana,MT,329,149,174,0.538699687,0.461300313,17071.49219,1.707149267
31,1976,Nebraska,NE,608,234,360,0.606060624,0.393939406,17749.82813,1.77498281
32,1976,Nevada,NV,202,92,101,0.523316085,0.476683944,21356.59961,2.135659933
33,1976,New Hampshire,NH,340,148,186,0.556886256,0.443113774,17247.96875,1.724796891
34,1976,New Jersey,NJ,3014,1445,1510,0.510998309,0.489001691,21243.54297,2.124354362
35,1976,New Mexico,NM,417,201,211,0.512135923,0.487864077,15229.50195,1.522950172
36,1976,New York,NY,6525,3390,3101,0.47773841,0.52226162,20603.81055,2.060380936
37,1976,North Carolina,NC,1678,927,742,0.444577605,0.555422425,15383.9209,1.538392067
38,1976,North Dakota,ND,297,136,153,0.529411793,0.470588237,17049.43164,1.70494318
39,1976,Ohio,OH,4112,2012,2001,0.498629451,0.501370549,18612.91602,1.861291647
40,1976,Oklahoma,OK,1092,532,546,0.506493509,0.493506491,16484.15039,1.648415089
41,1976,Oregon,OR,1030,490,492,0.501018345,0.498981684,19034.81055,1.903481007
42,1976,Pennsylvania,PA,4621,2329,2206,0.486438811,0.513561189,18748.0332,1.874803305
44,1976,Rhode Island,RI,411,228,181,0.442542791,0.557457209,17669.86328,1.76698637
45,1976,South Carolina,SC,803,451,346,0.434127986,0.565872014,14493.25781,1.4493258
46,1976,South Dakota,SD,301,147,152,0.50836122,0.491638809,15403.22266,1.540322304
47,1976,Tennessee,TN,1476,826,634,0.43424657,0.5657534,15353.58789,1.535358787
48,1976,Texas,TX,4072,2082,1953,0.484014869,0.515985131,17523.7168,1.752371669
49,1976,Utah,UT,541,182,338,0.649999976,0.349999994,15883.02246,1.588302255
50,1976,Vermont,VT,188,81,102,0.55737704,0.44262296,15833.3877,1.583338737
51,1976,Virginia,VA,1697,814,837,0.506965458,0.493034512,18061.42383,1.80614233
53,1976,Washington,WA,1556,717,778,0.520401359,0.479598671,19782.08398,1.978208423
54,1976,West Virginia,WV,751,436,315,0.419440746,0.580559254,15080.59863,1.508059859
55,1976,Wisconsin,WI,2101,1040,1005,0.491442531,0.508557439,18408.86328,1.840886354
56,1976,Wyoming,WY,156,62,93,0.600000024,0.400000006,19919.95703,1.991995692
1,1980,Alabama,AL,1342,637,654,0.506584048,0.493415952,14920.73242,1.492073298
2,1980,Alaska,AK,158,42,86,0.671875,0.328125,28306.74023,2.830673933
4,1980,Arizona,AZ,874,247,530,0.682110667,0.317889333,18134.89844,1.813489795
5,1980,Arkansas,AR,838,398,403,0.503121078,0.496878892,14326.64551,1.432664514
6,1980,California,CA,8587,3084,4525,0.594690502,0.405309498,22756.21289,2.275621176
8,1980,Colorado,CO,1184,368,652,0.639215708,0.360784322,20461.74023,2.046174049
9,1980,Connecticut,CT,1406,542,677,0.555373251,0.444626749,23529.28711,2.352928638
10,1980,Delaware,DE,236,106,111,0.511520743,0.488479257,20465.54883,2.046554804
12,1980,Florida,FL,3687,1419,2047,0.590594351,0.409405649,18913.68555,1.891368508
13,1980,Georgia,GA,1597,891,654,0.423300982,0.576699018,16032.74219,1.603274226
15,1980,Hawaii,HI,303,136,130,0.488721818,0.511278212,21788.91602,2.178891659
16,1980,Idaho,ID,437,110,291,0.725685775,0.274314225,16466.88281,1.646688223
17,1980,Illinois,IL,4750,1981,2358,0.543443203,0.456556797,20954.9082,2.095490932
18,1980,Indiana,IN,2242,844,1256,0.598095238,0.401904762,17849.2793,1.784927964
19,1980,Iowa,IA,1318,509,676,0.570464134,0.429535866,18251.04883,1.825104833
20,1980,Kansas,KS,980,326,567,0.634938419,0.365061581,18951.76758,1.895176768
21,1980,Kentucky,KY,1295,616,635,0.50759393,0.49240607,15571.94434,1.557194471
22,1980,Louisiana,LA,1549,708,793,0.528314471,0.471685529,16712.51563,1.671251535
23,1980,Maine,ME,523,221,239,0.519565225,0.480434775,15893.74121,1.589374065
24,1980,Maryland,MD,1540,726,681,0.484008521,0.515991449,21301.45898,2.130145788
25,1980,Massachusetts,MA,2524,1054,1058,0.500946999,0.499053031,20187.54492,2.018754482
26,1980,Michigan,MI,3910,1662,1915,0.535364807,0.464635164,19639.1582,1.963915825
27,1980,Minnesota,MN,2052,954,873,0.477832526,0.522167504,19528.71875,1.952871919
28,1980,Mississippi,MS,893,429,441,0.506896555,0.493103445,13342.21191,1.334221244
29,1980,Missouri,MO,2100,931,1074,0.535660863,0.464339167,17754.07227,1.775407195
30,1980,Montana,MT,364,118,207,0.636923075,0.363076925,17247.57422,1.724757433
31,1980,Nebraska,NE,641,167,420,0.71550256,0.28449744,17441.79492,1.744179487
32,1980,Nevada,NV,248,67,155,0.698198199,0.301801801,22278.27539,2.227827549
33,1980,New Hampshire,NH,384,109,222,0.670694888,0.329305142,18755.64258,1.875564218
34,1980,New Jersey,NJ,2976,1147,1547,0.574239075,0.425760955,22291.60547,2.229160547
35,1980,New Mexico,NM,457,168,251,0.599045336,0.400954664,15891.83691,1.589183688
36,1980,New York,NY,6202,2728,2894,0.514763415,0.485236585,20973.94922,2.097394943
37,1980,North Carolina,NC,1856,876,915,0.510887802,0.489112228,15604.31445,1.56043148
38,1980,North Dakota,ND,302,79,194,0.710622728,0.289377302,15055.92578,1.505592585
39,1980,Ohio,OH,4284,1752,2207,0.557464004,0.442535996,19128.85156,1.912885189
40,1980,Oklahoma,OK,1150,402,696,0.633879781,0.366120219,18100.62305,1.810062289
41,1980,Oregon,OR,1182,457,571,0.555447459,0.444552541,19256.42773,1.925642729
42,1980,Pennsylvania,PA,4562,1938,2262,0.538571417,0.461428583,19203.11328,1.920311332
44,1980,Rhode Island,RI,416,198,155,0.439093471,0.560906529,18426.22852,1.842622876
45,1980,South Carolina,SC,894,430,442,0.50688076,0.49311927,14743.64941,1.474364996
46,1980,South Dakota,SD,328,104,198,0.655629158,0.344370872,15372.01074,1.537201047
47,1980,Tennessee,TN,1618,783,788,0.501591325,0.498408645,15726.17773,1.572617769
48,1980,Texas,TX,4542,1881,2511,0.571721315,0.428278685,18812.76758,1.881276727
49,1980,Utah,UT,604,124,440,0.78014183,0.219858155,16186.97656,1.618697643
50,1980,Vermont,VT,213,82,95,0.536723137,0.463276833,16400.23828,1.640023828
51,1980,Virginia,VA,1866,752,990,0.568312287,0.431687713,19315.45508,1.931545496
53,1980,Washington,WA,1742,650,865,0.570957124,0.429042906,20625.49414,2.062549353
54,1980,West Virginia,WV,738,367,334,0.476462185,0.523537815,15457.69629,1.545769572
55,1980,Wisconsin,WI,2273,982,1089,0.525832951,0.474167079,19245.00391,1.924500346
56,1980,Wyoming,WY,177,49,111,0.693750024,0.306250006,22312.55078,2.231255054
1,1984,Alabama,AL,1442,552,873,0.612631559,0.387368411,16313.67383,1.631367326
2,1984,Alaska,AK,208,62,138,0.689999998,0.310000002,29451.59375,2.945159435
4,1984,Arizona,AZ,1026,334,681,0.670935988,0.329064041,19459.22461,1.945922494
5,1984,Arkansas,AR,884,339,535,0.612128139,0.387871861,15963.3291,1.596332908
6,1984,California,CA,9505,3923,5467,0.58221513,0.41778487,24152.63281,2.415263176
8,1984,Colorado,CO,1295,455,822,0.643696189,0.356303841,22316.34375,2.231634378
9,1984,Connecticut,CT,1467,570,891,0.609856248,0.390143722,26535.58008,2.653558016
10,1984,Delaware,DE,255,102,152,0.59842521,0.40157479,22337.48633,2.233748674
12,1984,Florida,FL,4180,1449,2730,0.653266311,0.34673366,20812.2793,2.081228018
13,1984,Georgia,GA,1776,707,1069,0.601914406,0.398085594,18436.88281,1.84368825
15,1984,Hawaii,HI,336,147,185,0.557228923,0.442771077,22553.43164,2.255343199
16,1984,Idaho,ID,411,109,298,0.732186735,0.267813265,16722.91211,1.67229116
17,1984,Illinois,IL,4819,2086,2707,0.564781964,0.435218036,22459.80469,2.245980501
18,1984,Indiana,IN,2233,841,1377,0.620829582,0.379170418,18820.44922,1.882044911
19,1984,Iowa,IA,1320,606,703,0.537051201,0.462948829,19459.22461,1.945922494
20,1984,Kansas,KS,1022,333,677,0.670297027,0.329702973,20727.71289,2.072771311
21,1984,Kentucky,KY,1369,540,822,0.603524208,0.396475762,16810.49805,1.681049824
22,1984,Louisiana,LA,1707,652,1037,0.613972783,0.386027247,17621.42578,1.762142539
23,1984,Maine,ME,553,215,337,0.61050725,0.38949275,17648.60742,1.764860749
24,1984,Maryland,MD,1676,788,880,0.527577937,0.472422063,23864.20313,2.38642025
25,1984,Massachusetts,MA,2559,1240,1311,0.513916135,0.486083895,23743.39453,2.374339342
26,1984,Michigan,MI,3802,1530,2252,0.59545213,0.40454787,20614.45508,2.061445475
27,1984,Minnesota,MN,2084,1036,1033,0.499274999,0.500724971,21670.01953,2.167001963
28,1984,Mississippi,MS,941,352,582,0.623126328,0.376873672,14220.66699,1.422066689
29,1984,Missouri,MO,2123,849,1274,0.600094199,0.399905801,19777.85547,1.977785587
30,1984,Montana,MT,384,147,232,0.612137198,0.387862802,17677.29883,1.767729878
31,1984,Nebraska,NE,652,188,460,0.709876537,0.290123463,19795.97852,1.979597807
32,1984,Nevada,NV,287,92,189,0.672597885,0.327402145,22074.72656,2.207472563
33,1984,New Hampshire,NH,389,120,267,0.689922452,0.310077518,21967.50977,2.196750879
34,1984,New Jersey,NJ,3218,1261,1934,0.605320811,0.394679189,25064.73633,2.506473541
35,1984,New Mexico,NM,514,202,307,0.603143394,0.396856576,17086.84766,1.708684802
36,1984,New York,NY,6807,3120,3665,0.540162146,0.459837884,23932.1582,2.393215895
37,1984,North Carolina,NC,2175,824,1346,0.620276511,0.379723489,17882.67383,1.788267374
38,1984,North Dakota,ND,309,104,200,0.657894731,0.342105269,18661.88867,1.866188884
39,1984,Ohio,OH,4548,1825,2679,0.594804645,0.405195385,20368.30859,2.036830902
40,1984,Oklahoma,OK,1256,385,862,0.691259027,0.308740973,19226.66797,1.922666788
41,1984,Oregon,OR,1227,536,686,0.561374784,0.438625216,19453.18359,1.945318341
42,1984,Pennsylvania,PA,4845,2228,2584,0.536990881,0.463009149,20470.99414,2.047099352
44,1984,Rhode Island,RI,410,197,212,0.518337429,0.481662601,20696,2.069600105
45,1984,South Carolina,SC,969,344,616,0.641666651,0.358333319,16528.10938,1.652810931
46,1984,South Dakota,SD,318,116,200,0.632911384,0.367088616,17669.74805,1.766974807
47,1984,Tennessee,TN,1712,712,990,0.581668615,0.418331385,17388.86914,1.738886952
48,1984,Texas,TX,5398,1949,3433,0.637866974,0.362133026,20342.63672,2.034263611
49,1984,Utah,UT,630,155,469,0.75160259,0.24839744,17262.01953,1.726202011
50,1984,Vermont,VT,235,96,136,0.586206913,0.413793117,18181.67383,1.818167329
51,1984,Virginia,VA,2147,796,1337,0.62681669,0.37318331,21722.87305,2.172287226
53,1984,Washington,WA,1884,807,1052,0.565895617,0.434104353,21236.61914,2.123661995
54,1984,West Virginia,WV,736,328,405,0.552523851,0.447476119,15717.18164,1.571718216
55,1984,Wisconsin,WI,2212,996,1199,0.546241462,0.453758538,19918.29688,1.991829634
56,1984,Wyoming,WY,189,53,133,0.715053737,0.284946233,20501.19727,2.050119638
1,1988,Alabama,AL,1378,550,816,0.597364545,0.402635425,18167.50781,1.816750765
2,1988,Alaska,AK,200,73,119,0.619791687,0.380208343,26402.43555,2.64024353
4,1988,Arizona,AZ,1172,454,703,0.607605875,0.392394125,20725.91992,2.07259202
5,1988,Arkansas,AR,828,349,467,0.572303951,0.427696079,17110.45508,1.711045504
6,1988,California,CA,9887,4702,5055,0.518089592,0.481910437,25993.93945,2.599393845
8,1988,Colorado,CO,1372,621,728,0.539659023,0.460341007,22719.33203,2.271933317
9,1988,Connecticut,CT,1443,677,750,0.525578141,0.474421859,31544.45898,3.154445887
10,1988,Delaware,DE,250,109,140,0.562249005,0.437750995,25207.44922,2.520745039
12,1988,Florida,FL,4302,1657,2619,0.612488329,0.3875117,23045.59961,2.304559946
13,1988,Georgia,GA,1810,715,1081,0.601893067,0.398106903,20873.13672,2.087313652
15,1988,Hawaii,HI,354,192,159,0.452991456,0.547008574,24763.14258,2.476314306
16,1988,Idaho,ID,409,147,254,0.633416474,0.366583556,17895.61914,1.789561868
17,1988,Illinois,IL,4559,2216,2311,0.510492623,0.489507407,24686.21875,2.468621969
18,1988,Indiana,IN,2169,861,1298,0.601204276,0.398795724,20520.34375,2.052034378
19,1988,Iowa,IA,1226,671,545,0.448190778,0.551809192,20320.07422,2.032007456
20,1988,Kansas,KS,993,423,554,0.567041993,0.432958037,21585.35352,2.158535242
21,1988,Kentucky,KY,1323,580,734,0.55859971,0.44140029,17989.78516,1.798978567
22,1988,Louisiana,LA,1628,717,884,0.552154899,0.447845101,17289.50391,1.728950381
23,1988,Maine,ME,555,244,307,0.557168782,0.442831218,20836.00195,2.083600283
24,1988,Maryland,MD,1714,826,876,0.514688611,0.485311389,27297.68164,2.729768276
25,1988,Massachusetts,MA,2633,1401,1195,0.460323572,0.539676428,28304.33398,2.830433369
26,1988,Michigan,MI,3669,1676,1965,0.539686918,0.460313112,22584.05078,2.25840497
27,1988,Minnesota,MN,2097,1109,962,0.464509904,0.535490096,23224.64844,2.322464943
28,1988,Mississippi,MS,932,364,558,0.605206072,0.394793928,15333.22754,1.533322811
29,1988,Missouri,MO,2094,1002,1085,0.519885004,0.480114996,21228.58203,2.122858286
30,1988,Montana,MT,366,169,190,0.52924794,0.47075209,17634.33984,1.763433933
31,1988,Nebraska,NE,661,259,398,0.60578388,0.39421612,21179.50977,2.117950916
32,1988,Nevada,NV,350,133,206,0.607669592,0.392330378,24096.01953,2.409601927
33,1988,New Hampshire,NH,451,164,282,0.632286966,0.367713004,25946.19336,2.594619274
34,1988,New Jersey,NJ,3100,1320,1743,0.569049954,0.430950046,29162.44336,2.916244268
35,1988,New Mexico,NM,521,244,270,0.5252918,0.47470817,17634.33984,1.763433933
36,1988,New York,NY,6486,3348,3082,0.479315698,0.520684302,27556.30859,2.75563097
37,1988,North Carolina,NC,2134,890,1237,0.581570268,0.418429703,20422.19922,2.042219877
38,1988,North Dakota,ND,297,128,167,0.56610167,0.4338983,16884.98633,1.688498616
39,1988,Ohio,OH,4394,1940,2417,0.554739475,0.445260495,22061.49219,2.206149101
40,1988,Oklahoma,OK,1171,483,678,0.583979309,0.416020662,18854.52539,1.885452509
41,1988,Oregon,OR,1202,616,560,0.476190478,0.523809552,21020.35547,2.102035522
42,1988,Pennsylvania,PA,4536,2195,2300,0.511679649,0.488320351,22802.88867,2.280288935
44,1988,Rhode Island,RI,405,225,178,0.441687346,0.558312654,23932.88672,2.393288612
45,1988,South Carolina,SC,986,371,606,0.62026614,0.37973389,18467.24805,1.846724749
46,1988,South Dakota,SD,313,146,165,0.530546606,0.469453365,18192.70703,1.81927073
47,1988,Tennessee,TN,1636,680,947,0.582052886,0.417947143,19703.34961,1.970335007
48,1988,Texas,TX,5427,2353,3037,0.563450813,0.436549157,20325.37891,2.032537937
49,1988,Utah,UT,647,207,428,0.67401576,0.32598424,17496.40625,1.749640584
50,1988,Vermont,VT,243,116,124,0.516666651,0.483333319,21210.01563,2.121001482
51,1988,Virginia,VA,2192,860,1309,0.603503942,0.396496087,24554.91602,2.455491543
53,1988,Washington,WA,1865,934,904,0.491838962,0.508161068,22767.07813,2.276707888
54,1988,West Virginia,WV,653,341,310,0.476190478,0.523809552,16610.44336,1.661044359
55,1988,Wisconsin,WI,2192,1127,1047,0.481600732,0.518399239,21296.22266,2.129622221
56,1988,Wyoming,WY,177,67,107,0.614942551,0.385057479,19785.58008,1.978558064
1,1992,Alabama,AL,1688,690,804,0.538152635,0.461847395,19377.09375,1.937709332
2,1992,Alaska,AK,259,78,102,0.566666663,0.433333337,26600.30859,2.660030842
4,1992,Arizona,AZ,1487,543,572,0.513004482,0.486995518,19880.33594,1.988033652
5,1992,Arkansas,AR,951,506,337,0.39976275,0.60023725,18126.81445,1.812681437
6,1992,California,CA,11132,5121,3631,0.41487661,0.58512342,25153.20508,2.515320539
8,1992,Colorado,CO,1569,630,563,0.471919537,0.528080463,23606.57227,2.360657215
9,1992,Connecticut,CT,1616,682,578,0.458730161,0.541269839,31717.73047,3.171772957
10,1992,Delaware,DE,290,126,102,0.447368413,0.552631557,25352.26563,2.535226583
12,1992,Florida,FL,5314,2073,2173,0.511775792,0.488224208,22832.69531,2.283269644
13,1992,Georgia,GA,2321,1009,995,0.496506989,0.503493011,21331.91406,2.133191347
15,1992,Hawaii,HI,373,179,137,0.433544308,0.566455722,26939.1582,2.693915844
16,1992,Idaho,ID,482,137,203,0.597058833,0.402941167,19115.4082,1.911540866
17,1992,Illinois,IL,5050,2453,1734,0.414139003,0.585861027,25218.06836,2.521806717
18,1992,Indiana,IN,2306,848,989,0.538377762,0.461622208,21289.41797,2.128941774
19,1992,Iowa,IA,1355,586,505,0.462878108,0.537121892,21062.39844,2.106239796
20,1992,Kansas,KS,1157,390,450,0.535714269,0.464285702,22021.91602,2.202191591
21,1992,Kentucky,KY,1493,665,617,0.481279254,0.518720746,19207.10938,1.920710921
22,1992,Louisiana,LA,1790,816,733,0.473208517,0.526791453,18755.30859,1.875530839
23,1992,Maine,ME,679,263,207,0.440425545,0.559574485,20412.65625,2.041265726
24,1992,Maryland,MD,1985,989,707,0.416863203,0.583136797,26995.07422,2.699507475
25,1992,Massachusetts,MA,2774,1319,805,0.379001886,0.620998144,27441.2832,2.744128227
26,1992,Michigan,MI,4275,1871,1555,0.453882068,0.546117902,22744.34961,2.274435043
27,1992,Minnesota,MN,2348,1021,748,0.422837764,0.577162266,23980.08984,2.398009062
28,1992,Mississippi,MS,982,400,488,0.54954952,0.45045045,16281.58984,1.628158927
29,1992,Missouri,MO,2392,1054,811,0.43485254,0.56514746,21638.33203,2.163833141
30,1992,Montana,MT,411,155,144,0.481605351,0.518394649,18862.66797,1.886266828
31,1992,Nebraska,NE,738,217,344,0.613190711,0.38680926,21638.33203,2.163833141
32,1992,Nevada,NV,506,189,176,0.482191771,0.517808199,24696.93164,2.469693184
33,1992,New Hampshire,NH,538,209,202,0.491484195,0.508515835,24605.23047,2.460523129
34,1992,New Jersey,NJ,3344,1436,1357,0.485857487,0.514142513,29503.46289,2.950346231
35,1992,New Mexico,NM,570,262,213,0.448421061,0.551578939,18198.38672,1.819838643
36,1992,New York,NY,6927,3444,2347,0.405284047,0.594715953,27809.21094,2.780920982
37,1992,North Carolina,NC,2612,1114,1135,0.504668713,0.495331258,21071.3457,2.107134581
38,1992,North Dakota,ND,308,99,136,0.578723431,0.421276599,19759.55859,1.975955844
39,1992,Ohio,OH,4940,1985,1894,0.488270164,0.511729836,22435.69336,2.243569374
40,1992,Oklahoma,OK,1390,473,593,0.556285203,0.443714827,19431.89063,1.943189025
41,1992,Oregon,OR,1463,621,476,0.433910668,0.566089332,21510.84375,2.151084423
42,1992,Pennsylvania,PA,4960,2239,1792,0.444554687,0.555445313,23747.48047,2.374747992
44,1992,Rhode Island,RI,453,213,132,0.382608682,0.617391288,23335.93945,2.333593845
45,1992,South Carolina,SC,1203,480,578,0.546313822,0.453686208,18958.84375,1.895884395
46,1992,South Dakota,SD,336,125,137,0.52290076,0.47709924,19904.93945,1.990493894
47,1992,Tennessee,TN,1983,934,841,0.473802805,0.526197195,20774.99023,2.077498913
48,1992,Texas,TX,6154,2282,2496,0.5223943,0.4776057,21154.10156,2.115410089
49,1992,Utah,UT,744,183,323,0.638339937,0.361660093,18021.69336,1.802169323
50,1992,Vermont,VT,290,134,88,0.396396399,0.603603601,21320.73047,2.132073164
51,1992,Virginia,VA,2559,1039,1151,0.52557075,0.47442922,24391.63086,2.43916297
53,1992,Washington,WA,2288,993,731,0.424013913,0.575986087,24277.5625,2.42775631
54,1992,West Virginia,WV,684,331,242,0.422338575,0.577661455,18018.33789,1.801833749
55,1992,Wisconsin,WI,2531,1041,931,0.472109526,0.527890444,22011.84961,2.201184988
56,1992,Wyoming,WY,201,68,79,0.537414968,0.462585032,21634.97656,2.163497686
1,1996,Alabama,AL,1534,662,769,0.537386417,0.462613553,20081,2.008100033
2,1996,Alaska,AK,242,80,123,0.605911314,0.394088656,25805.00195,2.580500126
4,1996,Arizona,AZ,1404,653,622,0.487843126,0.512156844,20823,2.082299948
5,1996,Arkansas,AR,884,475,325,0.40625,0.59375,18926,1.89260006
6,1996,California,CA,10019,5120,3828,0.427805096,0.572194874,25312.00195,2.531200171
8,1996,Colorado,CO,1511,671,692,0.507703602,0.492296398,25570.00195,2.55700016
9,1996,Connecticut,CT,1393,736,483,0.396226406,0.603773594,32424.00195,3.242400169
10,1996,Delaware,DE,271,140,99,0.414225936,0.585774064,25727.00195,2.572700262
12,1996,Florida,FL,5304,2547,2245,0.46848914,0.53151083,23655,2.365499973
13,1996,Georgia,GA,2299,1054,1081,0.506323159,0.493676811,22945,2.294500113
15,1996,Hawaii,HI,360,205,114,0.357366771,0.6426332,25024,2.502399921
16,1996,Idaho,ID,492,165,257,0.609004736,0.390995264,20248,2.024800062
17,1996,Illinois,IL,4311,2342,1587,0.403919578,0.596080422,26449.00195,2.644900084
18,1996,Indiana,IN,2136,887,1007,0.531678975,0.468321025,22368,2.236799955
19,1996,Iowa,IA,1234,620,493,0.442947,0.55705303,22521,2.252099991
20,1996,Kansas,KS,1074,388,583,0.600411952,0.399588048,22845,2.284499884
21,1996,Kentucky,KY,1389,637,623,0.49444443,0.50555557,19854,1.985399961
22,1996,Louisiana,LA,1784,928,713,0.434491158,0.565508842,19786,1.978600025
23,1996,Maine,ME,606,313,186,0.372745484,0.627254486,21203,2.120300055
24,1996,Maryland,MD,1781,966,682,0.413834959,0.586165071,27393.00195,2.739300251
25,1996,Massachusetts,MA,2557,1572,718,0.313537121,0.686462879,28933.00195,2.893300295
26,1996,Michigan,MI,3849,1990,1481,0.426678181,0.573321819,24306,2.430599928
27,1996,Minnesota,MN,2193,1120,766,0.406150579,0.593849421,25716.00195,2.571600199
28,1996,Mississippi,MS,894,394,440,0.527577937,0.472422063,17702,1.770200014
29,1996,Missouri,MO,2158,1026,890,0.464509398,0.535490632,22548,2.254800081
30,1996,Montana,MT,407,168,180,0.517241359,0.482758611,19047,1.904700041
31,1996,Nebraska,NE,677,237,363,0.605000019,0.395000011,23530,2.352999926
32,1996,Nevada,NV,464,204,199,0.493796527,0.506203473,26085.00195,2.608500242
33,1996,New Hampshire,NH,499,246,196,0.443438917,0.556561112,26427.00195,2.642700195
34,1996,New Jersey,NJ,3076,1652,1103,0.400362968,0.599637032,30470.00195,3.04700017
35,1996,New Mexico,NM,556,273,233,0.460474312,0.539525688,19029,1.902899981
36,1996,New York,NY,6316,3756,1933,0.339778513,0.660221457,28424.00195,2.842400312
37,1996,North Carolina,NC,2516,1108,1226,0.525278509,0.474721521,22320,2.232000113
38,1996,North Dakota,ND,266,107,125,0.538793087,0.461206883,21068,2.106800079
39,1996,Ohio,OH,4534,2148,1860,0.46407187,0.53592813,23322,2.33220005
40,1996,Oklahoma,OK,1207,488,582,0.543925226,0.456074774,19743,1.974300027
41,1996,Oregon,OR,1378,650,538,0.452861965,0.547138035,23398,2.339799881
42,1996,Pennsylvania,PA,4506,2216,1801,0.448344529,0.551655471,24344,2.434400082
44,1996,Rhode Island,RI,390,233,105,0.310650885,0.689349115,24106,2.410599947
45,1996,South Carolina,SC,1152,506,573,0.531047285,0.468952745,20058,2.005800009
46,1996,South Dakota,SD,324,139,151,0.520689666,0.479310334,21488,2.148799896
47,1996,Tennessee,TN,1894,909,864,0.487309635,0.512690365,21854,2.185400009
48,1996,Texas,TX,5612,2460,2736,0.526558876,0.473441094,22120,2.211999893
49,1996,Utah,UT,666,222,362,0.619863033,0.380136997,19529,1.952900052
50,1996,Vermont,VT,258,138,80,0.366972476,0.633027494,21964,2.196399927
51,1996,Virginia,VA,2417,1091,1138,0.51054287,0.48945716,25034,2.503400087
53,1996,Washington,WA,2254,1123,841,0.428207725,0.571792245,25073,2.5072999
54,1996,West Virginia,WV,636,328,234,0.416370094,0.583629906,18445,1.844499946
55,1996,Wisconsin,WI,2196,1072,845,0.440792918,0.559207082,23273,2.327300072
56,1996,Wyoming,WY,212,78,105,0.573770463,0.426229507,21875,2.1875
1,2000,Alabama,AL,1666,693,941,0.575887382,0.424112618,21656.20898,2.165620804
2,2000,Alaska,AK,286,79,167,0.678861797,0.321138203,27209.66797,2.720966816
4,2000,Arizona,AZ,1532,685,782,0.53306067,0.46693933,23381.01563,2.338101625
5,2000,Arkansas,AR,922,423,473,0.527901769,0.472098202,19977.87109,1.997787118
6,2000,California,CA,10966,5861,4567,0.437955499,0.562044501,29581.39063,2.958139181
8,2000,Colorado,CO,1741,738,884,0.545006156,0.454993844,30405.98047,3.040598154
9,2000,Connecticut,CT,1460,816,561,0.407407403,0.592592597,37808.16406,3.780816317
10,2000,Delaware,DE,328,180,137,0.43217665,0.56782335,28128.10742,2.812810659
12,2000,Florida,FL,5963,2912,2913,0.500085831,0.499914169,25977.79297,2.597779274
13,2000,Georgia,GA,2597,1116,1420,0.559936881,0.440063089,25502.17383,2.55021739
15,2000,Hawaii,HI,368,205,138,0.402332366,0.597667634,25892.14453,2.589214563
16,2000,Idaho,ID,502,139,337,0.707983196,0.292016804,21936.84375,2.19368434
17,2000,Illinois,IL,4742,2589,2019,0.438151032,0.561848938,29327.17969,2.932718039
18,2000,Indiana,IN,2199,902,1246,0.580074489,0.419925511,24723.14063,2.472314119
19,2000,Iowa,IA,1316,639,634,0.498036146,0.501963854,24194.67383,2.419467449
20,2000,Kansas,KS,1072,399,622,0.609206676,0.390793353,25233.38281,2.523338318
21,2000,Kentucky,KY,1544,639,872,0.577101231,0.42289874,22244.8125,2.224481344
22,2000,Louisiana,LA,1766,792,928,0.539534867,0.460465103,21029.33789,2.102933884
23,2000,Maine,ME,652,320,287,0.472817123,0.527182877,23664.38281,2.366438389
24,2000,Maryland,MD,2020,1141,814,0.416368276,0.583631694,31213.25977,3.12132597
25,2000,Massachusetts,MA,2703,1616,879,0.352304608,0.647695363,34401.375,3.440137386
26,2000,Michigan,MI,4233,2170,1953,0.473684222,0.526315808,26927.21094,2.692721128
27,2000,Minnesota,MN,2439,1168,1110,0.487269521,0.512730479,29173.19531,2.917319536
28,2000,Mississippi,MS,994,405,573,0.585889578,0.414110422,19140.52539,1.914052486
29,2000,Missouri,MO,2360,1111,1190,0.517166436,0.482833564,24822.45508,2.482245445
30,2000,Montana,MT,411,137,240,0.636604786,0.363395214,20894.48828,2.089448929
31,2000,Nebraska,NE,697,232,434,0.65165168,0.348348349,25172.33594,2.51723361
32,2000,Nevada,NV,609,280,302,0.518900335,0.481099665,27733.57813,2.773357868
33,2000,New Hampshire,NH,569,266,274,0.507407427,0.492592603,30430.58203,3.043058157
34,2000,New Jersey,NJ,3187,1789,1284,0.417832732,0.582167268,34962.64063,3.496263981
35,2000,New Mexico,NM,599,287,286,0.499127388,0.500872612,20167.39063,2.01673913
36,2000,New York,NY,6822,4108,2403,0.369067729,0.630932271,31799.12891,3.179912806
37,2000,North Carolina,NC,2911,1258,1631,0.564555228,0.435444802,24665.73828,2.466573715
38,2000,North Dakota,ND,288,95,175,0.648148119,0.351851851,22878.06055,2.287806034
39,2000,Ohio,OH,4702,2184,2350,0.518306136,0.481693864,25701.71484,2.570171595
40,2000,Oklahoma,OK,1234,474,744,0.61083746,0.38916257,22241.16797,2.224116802
41,2000,Oregon,OR,1534,720,714,0.497907937,0.502092063,25603.31055,2.560331106
42,2000,Pennsylvania,PA,4913,2486,2281,0.478498012,0.521502018,27058.41602,2.705841541
44,2000,Rhode Island,RI,409,250,131,0.343832016,0.656167984,26620.1543,2.662015438
45,2000,South Carolina,SC,1383,566,786,0.581360936,0.418639064,22255.74609,2.225574493
46,2000,South Dakota,SD,316,119,191,0.616129041,0.383870959,23436.5957,2.343659639
47,2000,Tennessee,TN,2076,982,1062,0.519569457,0.480430514,23780.09961,2.378010035
48,2000,Texas,TX,6408,2434,3800,0.60956049,0.39043951,25797.38477,2.579738379
49,2000,Utah,UT,771,203,515,0.717270195,0.282729805,21756.43555,2.175643444
50,2000,Vermont,VT,294,149,120,0.446096659,0.553903341,25220.62695,2.522062778
51,2000,Virginia,VA,2739,1217,1437,0.541446865,0.458553135,28322.18164,2.83221817
53,2000,Washington,WA,2487,1248,1109,0.470513374,0.529486656,28956.3418,2.895634174
54,2000,West Virginia,WV,648,295,336,0.532488108,0.467511892,19955.0918,1.995509148
55,2000,Wisconsin,WI,2599,1243,1237,0.498790324,0.501209676,26034.28516,2.603428602
56,2000,Wyoming,WY,218,60,148,0.711538434,0.288461536,25934.05859,2.593405962